visitor_id,name,surname,email,city_id,birth_date
1,Josh,Simonazzi,jsimonazzi0@rediff.com,748,2005-07-13
2,Matty,Reedshaw,mreedshaw1@mozilla.com,671,2003-03-21
3,Rob,Pomfrett,rpomfrett2@walmart.com,472,2004-05-11
4,Haroun,Simao,hsimao3@cornell.edu,988,1997-04-23
5,Page,Bowness,pbowness4@facebook.com,101,1987-08-29
6,Lynnelle,Gibbetts,lgibbetts5@edublogs.org,471,1980-07-26
7,Anderea,Mattiussi,amattiussi6@joomla.org,613,2001-07-29
8,Cross,Entwisle,centwisle7@harvard.edu,603,1988-10-02
9,Jody,Doyley,jdoyley8@cocolog-nifty.com,70,1994-04-16
10,Caria,Wilsdon,cwilsdon9@dedecms.com,655,1988-07-21
11,Harv,Mizzen,hmizzena@epa.gov,123,1978-06-13
12,Sarina,Purkis,spurkisb@bbc.co.uk,181,1988-06-24
13,Wiatt,Yonnie,wyonniec@senate.gov,524,2007-01-01
14,Dewie,Frisdick,dfrisdickd@hibu.com,445,1987-09-04
15,Dasi,Craigheid,dcraigheide@mysql.com,588,1989-04-03
16,Beverie,Roscam,broscamf@mapquest.com,188,2001-02-07
17,Linnell,Wiggins,lwigginsg@forbes.com,643,2008-07-03
18,Roxine,Kirtlan,rkirtlanh@ca.gov,919,1985-05-06
19,Jemimah,Ellsbury,jellsburyi@themeforest.net,960,1982-04-20
20,Lulita,Chaloner,lchalonerj@nps.gov,962,1976-11-10
21,Sadye,Stables,sstablesk@ning.com,222,1996-11-11
22,Hollis,Linggard,hlinggardl@altervista.org,801,1994-06-17
23,Giana,Covington,gcovingtonm@dedecms.com,929,2002-09-29
24,Piper,Glide,pgliden@nytimes.com,819,2005-11-12
25,Kiele,Paolozzi,kpaolozzio@flickr.com,660,1996-05-21
26,Bo,Tenaunt,btenauntp@hibu.com,423,1983-06-13
27,Paola,Yakubov,pyakubovq@joomla.org,513,2009-01-29
28,Roberto,Charman,rcharmanr@un.org,889,1997-12-27
29,Phaidra,Reedick,preedicks@cisco.com,947,1974-04-15
30,Alec,Dingwall,adingwallt@infoseek.co.jp,667,1987-12-27
31,Cris,McBeath,cmcbeathu@npr.org,385,1985-07-28
32,Quincy,Leber,qleberv@seattletimes.com,673,1998-02-06
33,Chantal,Meeson,cmeesonw@businessweek.com,187,1987-07-21
34,Adham,Childs,achildsx@51.la,696,1981-12-21
35,Colline,Berston,cberstony@state.tx.us,456,1995-08-10
36,Randolf,Kroin,rkroinz@columbia.edu,836,1984-05-21
37,Renaud,Mc Caghan,rmccaghan10@addtoany.com,262,2006-04-21
38,Cecilla,Du Plantier,cduplantier11@yahoo.com,839,1997-03-13
39,Savina,Wilne,swilne12@reverbnation.com,872,1987-03-26
40,Justus,Streeten,jstreeten13@bigcartel.com,717,1983-09-19
41,Fanechka,Boulding,fboulding14@loc.gov,425,1991-04-02
42,Martainn,Sillitoe,msillitoe15@theglobeandmail.com,24,2001-06-10
43,Jephthah,Ecclestone,jecclestone16@yelp.com,866,1973-10-23
44,Blair,Huckel,bhuckel17@sakura.ne.jp,845,2004-03-02
45,Etta,Lansly,elansly18@shinystat.com,472,1978-10-06
46,Valerye,Spurnier,vspurnier19@newyorker.com,18,2002-07-01
47,Sibella,Lievesley,slievesley1a@themeforest.net,684,1977-12-23
48,Sophie,Bogies,sbogies1b@hp.com,689,2004-01-01
49,Erica,Duckerin,educkerin1c@time.com,479,1992-04-08
50,Phebe,Wittier,pwittier1d@posterous.com,929,1998-07-05
51,Sabina,Alabone,salabone1e@linkedin.com,850,1989-05-20
52,Red,Humes,rhumes1f@hud.gov,704,1970-05-09
53,Cordey,Judgkins,cjudgkins1g@wix.com,742,1987-01-07
54,Simona,Leteurtre,sleteurtre1h@accuweather.com,284,1983-01-03
55,Kirsten,Melesk,kmelesk1i@illinois.edu,677,1978-03-24
56,Seana,Lingfoot,slingfoot1j@hubpages.com,947,1989-04-15
57,Skipper,Sommerton,ssommerton1k@java.com,125,1996-10-18
58,Andriette,Gagin,agagin1l@odnoklassniki.ru,634,2000-04-14
59,Marie-ann,Loughrey,mloughrey1m@yandex.ru,550,1976-05-10
60,Teresina,Soff,tsoff1n@myspace.com,286,1981-02-01
61,Elly,Rosenberger,erosenberger1o@plala.or.jp,896,1971-11-21
62,Deeyn,Benny,dbenny1p@woothemes.com,452,1972-05-04
63,Barbra,Fanthom,bfanthom1q@bloomberg.com,646,1982-03-17
64,Hebert,Le Brum,hlebrum1r@samsung.com,162,1998-09-26
65,Phyllis,Byrom,pbyrom1s@symantec.com,641,1987-04-22
66,Juliane,Florio,jflorio1t@webmd.com,991,1976-01-02
67,Nester,McTear,nmctear1u@cbc.ca,668,1993-03-07
68,Atlanta,Kmieciak,akmieciak1v@moonfruit.com,85,1990-04-05
69,Farlie,Doughartie,fdoughartie1w@blog.com,269,1973-09-11
70,Cindy,Yesenev,cyesenev1x@yahoo.com,974,1998-09-30
71,Bonnibelle,Dalley,bdalley1y@who.int,47,1993-10-12
72,Piotr,Ruddiforth,pruddiforth1z@networksolutions.com,763,2008-11-22
73,Dieter,Panchin,dpanchin20@stanford.edu,518,1982-09-04
74,Cherye,Silvers,csilvers21@fema.gov,842,1985-11-22
75,Dasha,Emblen,demblen22@miitbeian.gov.cn,760,1979-01-17
76,Laurella,Giovanazzi,lgiovanazzi23@discovery.com,134,2009-08-26
77,Cordell,Hardington,chardington24@guardian.co.uk,843,1987-07-21
78,Hildy,Parmby,hparmby25@hud.gov,118,1971-12-31
79,Lula,Caddies,lcaddies26@home.pl,37,2002-08-09
80,Myra,Marxsen,mmarxsen27@over-blog.com,414,1970-12-14
81,Karmen,Pinsent,kpinsent28@about.me,78,1996-10-04
82,Daniel,Eede,deede29@pcworld.com,605,1995-09-03
83,Wallie,Anthonies,wanthonies2a@acquirethisname.com,416,1999-06-17
84,Agneta,Ebbles,aebbles2b@senate.gov,970,1990-01-01
85,Kamila,Scaife,kscaife2c@oracle.com,895,1993-11-24
86,Randa,Degan,rdegan2d@creativecommons.org,670,1979-04-26
87,Bendicty,Connochie,bconnochie2e@constantcontact.com,490,2009-09-01
88,Lida,Hunnaball,lhunnaball2f@bandcamp.com,821,1979-01-12
89,Jolee,Longfut,jlongfut2g@google.es,54,1991-05-22
90,Umeko,Shoard,ushoard2h@cmu.edu,413,1985-08-24
91,Thaddus,MacKereth,tmackereth2i@hugedomains.com,80,1982-04-28
92,Langsdon,Lammenga,llammenga2j@bluehost.com,30,1975-01-30
93,Kim,Randals,krandals2k@flickr.com,983,1994-06-10
94,Kalindi,Eglese,keglese2l@china.com.cn,485,2004-12-29
95,Goddart,Boorne,gboorne2m@parallels.com,486,2001-06-02
96,Read,Himsworth,rhimsworth2n@friendfeed.com,493,1990-12-12
97,Waring,Brownhill,wbrownhill2o@ted.com,468,1973-06-05
98,Major,Secker,msecker2p@abc.net.au,438,1976-11-05
99,Pet,Oliphant,poliphant2q@histats.com,578,2003-10-28
100,Archambault,O' Clovan,aoclovan2r@dot.gov,726,2006-04-28
101,Stepha,Dane,sdane2s@bigcartel.com,774,1981-03-01
102,Jerrine,Bellows,jbellows2t@baidu.com,876,1990-10-27
103,Glyn,Tarquinio,gtarquinio2u@webnode.com,564,1991-04-12
104,Adler,Yanele,ayanele2v@google.cn,13,1999-03-21
105,Tabbatha,Dzenisenka,tdzenisenka2w@buzzfeed.com,294,1975-05-18
106,Abe,Shermar,ashermar2x@foxnews.com,645,1992-09-13
107,Wilt,Millwater,wmillwater2y@geocities.jp,449,1981-10-19
108,Dimitry,Geraudy,dgeraudy2z@epa.gov,742,1993-12-11
109,Angele,Cardenosa,acardenosa30@bigcartel.com,144,1981-03-29
110,Angil,Galpen,agalpen31@nba.com,298,2008-08-08
111,Elston,Fuster,efuster32@elpais.com,566,1986-07-31
112,Basilio,Moohan,bmoohan33@dailymotion.com,983,1970-07-25
113,Fifine,Justis,fjustis34@ox.ac.uk,763,2001-07-25
114,Mandie,Coppledike,mcoppledike35@ca.gov,536,1999-02-04
115,Chris,Boughtflower,cboughtflower36@sciencedaily.com,995,1984-04-21
116,Lexis,Whitton,lwhitton37@mapquest.com,431,1991-01-30
117,Westley,Greenrod,wgreenrod38@slashdot.org,198,2008-08-19
118,Danny,Farrent,dfarrent39@tmall.com,245,1990-10-20
119,Carmelina,Creavan,ccreavan3a@wiley.com,200,1981-06-27
120,Gard,Grellis,ggrellis3b@woothemes.com,790,2009-01-17
121,Jacinta,Durdle,jdurdle3c@icq.com,906,1987-08-20
122,Edsel,Lydiatt,elydiatt3d@sourceforge.net,777,2007-09-06
123,Marv,Keddie,mkeddie3e@miitbeian.gov.cn,601,1995-07-15
124,Karin,Doggrell,kdoggrell3f@ed.gov,388,1986-01-15
125,Cornelle,Quinion,cquinion3g@apache.org,278,1990-12-08
126,Maribelle,Leates,mleates3h@acquirethisname.com,421,1999-08-02
127,Kathryne,Terram,kterram3i@globo.com,137,1979-07-18
128,Estrellita,Lackemann,elackemann3j@ted.com,220,1974-03-23
129,Cecile,Simukov,csimukov3k@jalbum.net,192,1997-08-05
130,Drud,Norville,dnorville3l@com.com,527,1989-12-15
131,Adeline,Niezen,aniezen3m@youtube.com,196,1970-06-13
132,Claire,Hamprecht,champrecht3n@si.edu,879,1996-04-15
133,Nissa,Itscowics,nitscowics3o@statcounter.com,466,1982-11-28
134,Zacharia,Wauchope,zwauchope3p@dailymail.co.uk,509,2001-09-11
135,Sasha,Balsdon,sbalsdon3q@blog.com,274,1970-09-21
136,Ginni,Lorans,glorans3r@cafepress.com,953,2002-11-13
137,Maude,Ewbank,mewbank3s@usa.gov,3,2001-10-14
138,Amby,Goodship,agoodship3t@uiuc.edu,513,1981-01-25
139,Mickie,Horrod,mhorrod3u@foxnews.com,965,1975-01-31
140,Robb,Fromant,rfromant3v@narod.ru,697,1992-11-07
141,Raphael,Wheeliker,rwheeliker3w@mlb.com,461,2001-07-12
142,Hyman,Checchetelli,hchecchetelli3x@wired.com,69,1973-08-24
143,Glynis,Small,gsmall3y@tamu.edu,516,1987-02-20
144,Chelsy,Glasebrook,cglasebrook3z@imageshack.us,149,1970-08-28
145,Nappy,Lotherington,nlotherington40@admin.ch,125,1989-03-23
146,Rockey,Fippe,rfippe41@slideshare.net,461,1998-07-01
147,Ruperto,Styan,rstyan42@independent.co.uk,566,1987-10-16
148,Sara-ann,Chittleburgh,schittleburgh43@domainmarket.com,152,2009-11-05
149,Frank,Whitmore,fwhitmore44@deviantart.com,574,1981-06-21
150,Khalil,Lead,klead45@geocities.com,151,1981-09-09
151,Kenny,Gowrich,kgowrich46@foxnews.com,739,2002-03-18
152,Brady,Aizikovitz,baizikovitz47@discuz.net,821,1973-07-08
153,Jobina,Symmons,jsymmons48@ameblo.jp,904,1984-01-23
154,Teresina,Bartolozzi,tbartolozzi49@hubpages.com,874,1983-03-08
155,Baird,Pawnsford,bpawnsford4a@noaa.gov,244,1996-06-27
156,Homere,Yanyushkin,hyanyushkin4b@craigslist.org,76,1974-01-17
157,Garrett,Walkingshaw,gwalkingshaw4c@phoca.cz,819,1988-11-27
158,Tammy,Keller,tkeller4d@telegraph.co.uk,914,1986-11-12
159,Muire,Franck,mfranck4e@bloglines.com,392,1993-05-10
160,Baudoin,Robardey,brobardey4f@twitter.com,704,2002-02-02
161,Barclay,Moulding,bmoulding4g@spotify.com,962,2004-03-19
162,Bekki,Riddlesden,briddlesden4h@wikia.com,947,1993-04-24
163,Corrinne,Bagott,cbagott4i@wordpress.com,548,1996-10-13
164,Dulci,Haliburn,dhaliburn4j@mozilla.com,167,2000-02-13
165,Annecorinne,Glentz,aglentz4k@imageshack.us,565,1983-10-29
166,Ferd,Collinson,fcollinson4l@japanpost.jp,444,1972-11-07
167,Liva,Mertin,lmertin4m@netscape.com,761,1978-04-06
168,Panchito,Dowry,pdowry4n@sourceforge.net,609,1995-07-09
169,Lynne,Chadwyck,lchadwyck4o@printfriendly.com,589,1973-01-06
170,Morley,Eastam,meastam4p@flickr.com,690,1989-03-08
171,Faber,Curedell,fcuredell4q@cpanel.net,895,1975-08-16
172,Alexine,Tellwright,atellwright4r@ezinearticles.com,871,2007-06-22
173,Pammi,Melanaphy,pmelanaphy4s@paypal.com,664,1973-08-11
174,Sheila,Trammel,strammel4t@bravesites.com,54,1984-06-25
175,Tera,Grishanin,tgrishanin4u@yelp.com,54,1988-09-15
176,Farrah,Paynter,fpaynter4v@oracle.com,191,1973-06-02
177,Owen,Lynagh,olynagh4w@themeforest.net,123,1999-05-08
178,Tillie,Varvell,tvarvell4x@comsenz.com,626,1972-12-25
179,Constantine,McIlriach,cmcilriach4y@digg.com,432,1975-06-06
180,Fidelio,Ashbolt,fashbolt4z@squidoo.com,336,2004-05-31
181,Pennie,Christophle,pchristophle50@mit.edu,357,1973-08-12
182,Clair,Medgwick,cmedgwick51@homestead.com,252,1985-07-08
183,Idalia,Gosse,igosse52@epa.gov,402,1975-03-04
184,Mariana,Iacovides,miacovides53@ifeng.com,762,1978-05-27
185,Abran,Gumb,agumb54@marketwatch.com,843,2001-02-13
186,Dalli,Ponnsett,dponnsett55@amazon.com,401,1984-09-24
187,Candi,Bale,cbale56@house.gov,789,1985-06-01
188,Grazia,Tomicki,gtomicki57@jiathis.com,934,1971-11-16
189,Glynda,Walford,gwalford58@walmart.com,904,1985-07-21
190,Issi,Jansky,ijansky59@howstuffworks.com,422,2007-08-08
191,Tammie,Domerq,tdomerq5a@who.int,660,1995-06-08
192,Perry,Gimber,pgimber5b@yolasite.com,402,2001-11-30
193,Fleming,Neising,fneising5c@google.com,910,1986-09-11
194,Gerri,Staterfield,gstaterfield5d@soup.io,998,1985-04-27
195,Christy,Bretelle,cbretelle5e@seesaa.net,997,1981-02-18
196,Kelcy,Fearn,kfearn5f@va.gov,428,2003-12-29
197,Archibaldo,Papps,apapps5g@nhs.uk,172,1992-03-03
198,Farrell,O'Cahill,focahill5h@timesonline.co.uk,185,1976-12-15
199,Darice,Iacovuzzi,diacovuzzi5i@berkeley.edu,619,2005-07-29
200,Rollo,Abram,rabram5j@virginia.edu,891,1976-04-12
201,Fabe,Creswell,fcreswell5k@wired.com,513,1981-07-09
202,Janeva,Corse,jcorse5l@blog.com,390,2003-05-17
203,Rivkah,Eaddy,readdy5m@bloglovin.com,668,1994-04-11
204,Jammal,Theyer,jtheyer5n@reuters.com,991,1988-08-20
205,Ezra,Colvine,ecolvine5o@google.es,953,1971-12-23
206,Nelle,Gaukroger,ngaukroger5p@apache.org,840,1970-07-24
207,Murdoch,Carn,mcarn5q@spotify.com,866,1977-11-18
208,Erick,Webber,ewebber5r@wikipedia.org,911,2006-05-12
209,Johanna,Philippard,jphilippard5s@kickstarter.com,933,1994-12-05
210,Marin,Gumme,mgumme5t@shareasale.com,691,1984-09-28
211,Errick,Swenson,eswenson5u@dyndns.org,958,1984-07-29
212,Nikoletta,Tesauro,ntesauro5v@example.com,601,1978-05-04
213,Gun,Sitwell,gsitwell5w@shinystat.com,309,1987-06-24
214,Roxane,Cutmere,rcutmere5x@mapy.cz,583,2002-01-20
215,Padgett,Boodell,pboodell5y@nymag.com,711,2008-07-07
216,Demott,Peterson,dpeterson5z@ucoz.ru,313,1978-06-18
217,Stan,Childes,schildes60@yandex.ru,561,1996-01-05
218,Haskel,Scotchmur,hscotchmur61@ocn.ne.jp,319,2009-06-15
219,Randy,Greder,rgreder62@lycos.com,46,1992-10-03
220,Lammond,Hanigan,lhanigan63@oaic.gov.au,423,1975-08-12
221,L;urette,Kedslie,lkedslie64@phoca.cz,669,2004-09-21
222,Sibyl,Mathelin,smathelin65@smugmug.com,995,1971-09-10
223,Jonas,Van den Dael,jvandendael66@shinystat.com,696,1977-09-23
224,Rob,Dyson,rdyson67@eventbrite.com,475,1973-12-14
225,Cecelia,Bridgstock,cbridgstock68@zimbio.com,329,1970-08-26
226,Alasteir,Hambridge,ahambridge69@theglobeandmail.com,367,1989-11-03
227,Alexandro,Titterington,atitterington6a@g.co,317,1995-05-12
228,Estevan,Dinley,edinley6b@smugmug.com,286,1995-06-10
229,Nikki,Haryngton,nharyngton6c@telegraph.co.uk,818,2002-09-02
230,Cammi,Blacket,cblacket6d@unblog.fr,644,1989-08-04
231,Egbert,Neller,eneller6e@google.co.jp,978,1984-09-11
232,Josiah,Spargo,jspargo6f@biglobe.ne.jp,33,1974-08-16
233,Carlie,Alldritt,calldritt6g@comcast.net,846,1999-08-23
234,Lane,Saller,lsaller6h@upenn.edu,749,1986-03-02
235,Mehetabel,Gosby,mgosby6i@bloglines.com,289,1975-12-02
236,Frazer,Roose,froose6j@chicagotribune.com,599,1999-09-17
237,Louisette,Kidds,lkidds6k@cdbaby.com,841,2004-05-13
238,Arlyne,Cowey,acowey6l@dailymail.co.uk,147,1990-12-25
239,Clayson,Frankis,cfrankis6m@chronoengine.com,13,1974-11-10
240,Rayshell,Asple,rasple6n@webeden.co.uk,147,1989-03-31
241,Sophronia,Fishburn,sfishburn6o@clickbank.net,783,1989-03-06
242,Nerte,Webley,nwebley6p@adobe.com,143,1997-01-10
243,Lou,Rebillard,lrebillard6q@about.me,484,2007-09-08
244,Haskel,Speek,hspeek6r@va.gov,456,2001-08-16
245,Jodie,McLelland,jmclelland6s@51.la,271,1970-02-14
246,Isabelle,Ladlow,iladlow6t@so-net.ne.jp,414,2009-05-05
247,Brigitta,Jakoubec,bjakoubec6u@tamu.edu,728,1994-01-06
248,Max,Filipputti,mfilipputti6v@arizona.edu,757,1986-07-12
249,Rollo,Clapham,rclapham6w@wired.com,390,1975-06-15
250,Fanechka,Goodspeed,fgoodspeed6x@google.es,825,1992-06-11
251,Gaelan,Murcutt,gmurcutt6y@guardian.co.uk,576,1976-09-25
252,Knox,Mangan,kmangan6z@blogger.com,406,1977-12-10
253,Elayne,Diwell,ediwell70@ezinearticles.com,829,2000-03-20
254,Llywellyn,Voas,lvoas71@howstuffworks.com,430,1992-06-24
255,Glen,Tompion,gtompion72@eepurl.com,652,1972-01-29
256,Ash,Longhorn,alonghorn73@shareasale.com,191,2007-09-13
257,Mordy,Letcher,mletcher74@whitehouse.gov,285,1991-07-14
258,Dorie,Mateus,dmateus75@netvibes.com,48,1995-09-16
259,Gertie,Ibeson,gibeson76@businessinsider.com,397,1991-03-17
260,Elset,Werndly,ewerndly77@exblog.jp,304,1974-11-22
261,Hulda,Endle,hendle78@plala.or.jp,522,1984-02-15
262,Hastings,Humpherston,hhumpherston79@who.int,801,2002-09-12
263,Ruthann,Yashanov,ryashanov7a@home.pl,275,1977-02-16
264,Margalo,Kynston,mkynston7b@ezinearticles.com,675,1977-09-28
265,Ringo,Nutter,rnutter7c@tiny.cc,301,1984-06-25
266,Fifi,Gotfrey,fgotfrey7d@npr.org,544,1974-11-16
267,Taryn,Grevel,tgrevel7e@mayoclinic.com,918,2002-03-01
268,Peggie,Bonick,pbonick7f@goo.gl,923,1979-01-13
269,Hubie,Kaubisch,hkaubisch7g@utexas.edu,719,1973-10-16
270,Jamie,Scanlan,jscanlan7h@surveymonkey.com,666,1989-08-02
271,Frannie,Belford,fbelford7i@ebay.com,509,1982-02-10
272,Barnard,Gomme,bgomme7j@etsy.com,173,2000-05-19
273,Ashlee,D'Aubney,adaubney7k@princeton.edu,306,2004-12-31
274,Maritsa,Gerriets,mgerriets7l@columbia.edu,617,1995-12-12
275,Sigismund,Doudney,sdoudney7m@xinhuanet.com,776,1983-07-04
276,Robert,Kaygill,rkaygill7n@princeton.edu,272,1987-01-31
277,Valaria,Gieves,vgieves7o@elegantthemes.com,912,1993-11-12
278,Ben,McCrostie,bmccrostie7p@naver.com,506,1991-02-17
279,Bernhard,Tirone,btirone7q@sphinn.com,677,2001-02-05
280,Grata,Adlem,gadlem7r@hexun.com,974,1987-07-31
281,Brandie,Jephcott,bjephcott7s@discovery.com,445,1988-09-23
282,Mead,Messer,mmesser7t@sphinn.com,181,1992-06-25
283,Zaria,Vowells,zvowells7u@utexas.edu,878,1988-07-24
284,Stafford,Stannus,sstannus7v@archive.org,845,1973-06-12
285,Yoko,Ledes,yledes7w@sbwire.com,700,1991-01-20
286,Shannon,Holme,sholme7x@bravesites.com,783,1976-09-17
287,Brew,Tubritt,btubritt7y@biglobe.ne.jp,346,1979-05-06
288,Bjorn,Stilwell,bstilwell7z@cbsnews.com,543,2005-06-02
289,Bord,Seyffert,bseyffert80@yelp.com,360,1998-11-20
290,Shaughn,Allery,sallery81@sourceforge.net,579,1978-01-21
291,Nicol,Filliskirk,nfilliskirk82@trellian.com,237,1998-03-22
292,Emlynne,Deex,edeex83@biglobe.ne.jp,946,1976-12-29
293,Harley,Magnay,hmagnay84@washingtonpost.com,871,2007-02-05
294,Ronnica,Greeveson,rgreeveson85@sfgate.com,272,1994-08-09
295,Rockwell,Rowbottom,rrowbottom86@arstechnica.com,858,1984-03-28
296,Kim,Tyce,ktyce87@altervista.org,789,1971-04-11
297,Aeriel,Lackinton,alackinton88@sphinn.com,739,1996-04-12
298,Shea,Browse,sbrowse89@jalbum.net,419,2008-12-07
299,Faun,Loncaster,floncaster8a@narod.ru,626,1995-09-22
300,Kurt,Hanigan,khanigan8b@ow.ly,457,1993-10-13
301,Gabriela,Skip,gskip8c@princeton.edu,529,2002-05-29
302,Gleda,Shoebotham,gshoebotham8d@istockphoto.com,334,1986-03-20
303,Brew,Touson,btouson8e@bloglines.com,328,1979-09-02
304,Gloriane,Paolinelli,gpaolinelli8f@com.com,769,2000-04-10
305,Hillard,Macey,hmacey8g@mlb.com,844,1974-11-20
306,Pauli,McSorley,pmcsorley8h@answers.com,537,1978-07-23
307,Tomkin,Tohill,ttohill8i@hp.com,533,2004-11-14
308,Happy,Bold,hbold8j@merriam-webster.com,290,1991-12-30
309,Elvis,Loads,eloads8k@e-recht24.de,651,1994-02-10
310,Davina,Riha,driha8l@hc360.com,505,1999-01-07
311,Basil,Rigney,brigney8m@goo.gl,50,1989-03-14
312,Pat,McHale,pmchale8n@163.com,801,1978-08-15
313,Ned,Trail,ntrail8o@de.vu,497,1974-03-20
314,Jodi,Pursglove,jpursglove8p@fda.gov,414,1997-12-18
315,Adriena,Shenfisch,ashenfisch8q@telegraph.co.uk,853,2008-10-03
316,Jewel,Eglinton,jeglinton8r@prnewswire.com,255,1990-10-12
317,Antone,Skyner,askyner8s@google.cn,146,1987-10-30
318,Mikel,Witcomb,mwitcomb8t@cbc.ca,17,1996-02-08
319,Shandy,Waulker,swaulker8u@ameblo.jp,141,1984-09-17
320,Gwenore,Edgeler,gedgeler8v@businessinsider.com,674,1987-12-03
321,Bronnie,Byrd,bbyrd8w@xrea.com,946,1991-12-08
322,Jobye,Brightling,jbrightling8x@yelp.com,669,1996-01-24
323,Ann,Preble,apreble8y@intel.com,136,2008-07-05
324,Aurlie,Battrick,abattrick8z@hp.com,294,1996-09-17
325,Marice,Mattevi,mmattevi90@cnn.com,557,2005-06-13
326,Beth,Salling,bsalling91@blogspot.com,906,1974-03-04
327,Amara,Ogbourne,aogbourne92@hud.gov,346,1989-04-14
328,Laurice,Gilham,lgilham93@opera.com,579,1975-04-10
329,Moe,Nesfield,mnesfield94@4shared.com,639,1972-09-09
330,Corbie,Strognell,cstrognell95@pen.io,869,1977-06-21
331,Nikoletta,Deville,ndeville96@spiegel.de,222,1978-05-19
332,Torry,Greeve,tgreeve97@reverbnation.com,60,1970-11-02
333,Issi,Meffan,imeffan98@plala.or.jp,865,2008-01-15
334,Sumner,Ravel,sravel99@is.gd,658,1984-03-25
335,Orren,Hentzeler,ohentzeler9a@cisco.com,789,1975-08-22
336,Keelia,O'Mullally,komullally9b@dropbox.com,309,1985-02-01
337,Auria,Wiley,awiley9c@adobe.com,705,2007-02-24
338,Heather,Janman,hjanman9d@amazon.de,161,1984-11-06
339,Tod,Andrioli,tandrioli9e@technorati.com,931,1977-12-29
340,Gwenni,Steckings,gsteckings9f@tinyurl.com,989,2004-07-03
341,Nealon,Ferrario,nferrario9g@networkadvertising.org,938,1987-10-18
342,Ernie,Bage,ebage9h@wikipedia.org,922,2008-06-12
343,Danna,Allanson,dallanson9i@un.org,364,1972-04-20
344,Boot,Dingate,bdingate9j@ning.com,151,1977-11-15
345,Harry,Zanettini,hzanettini9k@scientificamerican.com,992,1983-02-17
346,Milly,Palk,mpalk9l@facebook.com,719,1998-10-08
347,Dianne,McSperrin,dmcsperrin9m@example.com,788,2009-10-12
348,Rheta,Tattam,rtattam9n@home.pl,457,2006-02-17
349,Brien,Hickisson,bhickisson9o@wix.com,310,1998-11-16
350,Jaquenette,Hollington,jhollington9p@about.com,835,1975-09-06
351,Conney,Oldrey,coldrey9q@bloglines.com,254,1986-11-12
352,Lucho,Gawkes,lgawkes9r@time.com,529,1970-02-14
353,Mercie,Outridge,moutridge9s@sourceforge.net,738,1972-07-01
354,Waite,Niche,wniche9t@clickbank.net,710,1983-06-03
355,Lincoln,Swetenham,lswetenham9u@msu.edu,950,2003-04-10
356,Burgess,Woofendell,bwoofendell9v@nsw.gov.au,207,2001-09-27
357,Fifi,Tafani,ftafani9w@census.gov,237,1996-02-25
358,Evelin,Sumshon,esumshon9x@ehow.com,871,1998-12-03
359,Antone,Gorrie,agorrie9y@ucsd.edu,61,1996-05-27
360,Emmanuel,Johananov,ejohananov9z@gmpg.org,316,1995-11-01
361,Desi,Buckthorpe,dbuckthorpea0@vkontakte.ru,69,2003-01-10
362,Margarette,Sibley,msibleya1@mysql.com,496,1972-11-05
363,Mela,Galland,mgallanda2@amazon.de,778,1994-01-14
364,Christiane,Howley,chowleya3@sina.com.cn,600,2001-07-17
365,Ronalda,De la Yglesias,rdelayglesiasa4@ucoz.com,335,1989-02-02
366,Melisenda,Barstowk,mbarstowka5@hexun.com,615,1997-11-13
367,Uta,Reven,urevena6@sfgate.com,327,1972-07-18
368,Bowie,Kitchingman,bkitchingmana7@salon.com,878,1970-12-20
369,Joeann,Pottery,jpotterya8@fastcompany.com,306,2007-11-11
370,Merv,Jaquest,mjaquesta9@go.com,539,1998-07-03
371,Leone,Trodd,ltroddaa@miitbeian.gov.cn,75,1998-03-29
372,Dalli,Warren,dwarrenab@taobao.com,647,1986-11-03
373,Lyda,Simon,lsimonac@liveinternet.ru,859,2004-09-27
374,Gonzalo,Gallo,ggalload@apache.org,709,1992-01-18
375,Whittaker,Guiraud,wguiraudae@webeden.co.uk,547,2005-11-28
376,Lyndsie,Cardwell,lcardwellaf@163.com,585,1997-06-15
377,Shellie,Jiras,sjirasag@cmu.edu,248,1993-05-27
378,Sayer,Elsy,selsyah@furl.net,535,1986-10-20
379,Merill,Newbold,mnewboldai@wunderground.com,843,1990-11-20
380,Ave,Brinsford,abrinsfordaj@networksolutions.com,54,1977-08-12
381,Stillmann,Golden,sgoldenak@g.co,311,1979-05-27
382,Ailee,Belding,abeldingal@mapy.cz,593,1975-05-16
383,Herb,Crolla,hcrollaam@bloglines.com,367,1987-05-10
384,Gael,Sergeant,gsergeantan@ask.com,310,2007-01-28
385,Saxon,Feely,sfeelyao@weebly.com,320,1983-03-08
386,Marchelle,Caban,mcabanap@cnbc.com,337,1989-04-12
387,Douglass,Carslake,dcarslakeaq@arstechnica.com,530,1993-08-17
388,Colver,Pencost,cpencostar@histats.com,568,1980-10-31
389,Orland,Torns,otornsas@utexas.edu,703,1993-10-10
390,Caesar,Cottam,ccottamat@reddit.com,799,1978-11-02
391,Meg,Quartermain,mquartermainau@multiply.com,719,1980-12-24
392,Nina,Grossier,ngrossierav@ezinearticles.com,578,1998-04-11
393,Stanton,Giampietro,sgiampietroaw@usgs.gov,15,1984-12-21
394,Anette,Shimon,ashimonax@dailymotion.com,290,2002-04-28
395,Englebert,Guidoni,eguidoniay@utexas.edu,715,1973-01-03
396,Odella,Hustler,ohustleraz@odnoklassniki.ru,956,1997-12-31
397,Melisa,Dyball,mdyballb0@slashdot.org,264,2006-05-11
398,Noelani,Caroll,ncarollb1@lycos.com,643,1995-09-22
399,Lancelot,Klimontovich,lklimontovichb2@addthis.com,766,2006-02-18
400,Marja,Bachmann,mbachmannb3@posterous.com,992,1997-01-16
401,Christi,Dicks,cdicksb4@ft.com,971,2008-06-19
402,Angelia,Hupe,ahupeb5@technorati.com,407,1986-10-09
403,Morten,Bessey,mbesseyb6@privacy.gov.au,544,1995-08-07
404,Jade,Coulling,jcoullingb7@irs.gov,659,1987-09-03
405,Mavis,Truelove,mtrueloveb8@multiply.com,552,1986-08-05
406,Grenville,Ardley,gardleyb9@harvard.edu,251,2002-09-03
407,Juline,Duce,jduceba@japanpost.jp,615,1998-11-23
408,Livia,Gavey,lgaveybb@wunderground.com,839,2007-03-11
409,Isaak,Sellar,isellarbc@nymag.com,743,1986-07-23
410,Levey,Topp,ltoppbd@cbslocal.com,338,1987-12-07
411,Claudianus,Stallard,cstallardbe@hostgator.com,359,1974-12-18
412,Putnam,Greenier,pgreenierbf@wordpress.org,797,1974-02-13
413,Trent,De Ruggiero,tderuggierobg@nytimes.com,676,1998-07-15
414,Giffy,Metzing,gmetzingbh@europa.eu,297,2002-05-09
415,Felipe,Hamelyn,fhamelynbi@friendfeed.com,440,1981-04-26
416,Mela,Rimer,mrimerbj@nature.com,301,1978-08-18
417,Benji,Duncombe,bduncombebk@ask.com,765,1988-04-25
418,Bent,Goodbody,bgoodbodybl@apple.com,814,1984-06-07
419,Alistair,Airy,aairybm@ameblo.jp,733,1976-08-19
420,Fianna,Havick,fhavickbn@1688.com,922,1993-08-18
421,Guy,Muris,gmurisbo@elpais.com,172,1974-05-23
422,Thebault,Bloor,tbloorbp@arizona.edu,316,2009-07-23
423,Omar,Piell,opiellbq@vimeo.com,271,1990-08-10
424,Lindsy,Swanbourne,lswanbournebr@aboutads.info,950,1987-03-18
425,Laurianne,Easum,leasumbs@mediafire.com,965,1978-11-16
426,Alwin,Cosser,acosserbt@sakura.ne.jp,243,1973-12-15
427,Northrup,Ruf,nrufbu@shutterfly.com,735,1992-08-20
428,Lloyd,Mehmet,lmehmetbv@patch.com,400,1977-11-22
429,Denice,Robichon,drobichonbw@cbslocal.com,191,2001-07-04
430,Marty,Janicijevic,mjanicijevicbx@ftc.gov,565,1973-09-02
431,Luce,Ilchuk,lilchukby@phpbb.com,736,1984-07-14
432,Dalia,Gaskoin,dgaskoinbz@examiner.com,9,1971-11-23
433,Cordelia,Fernihough,cfernihoughc0@imageshack.us,162,1985-11-17
434,Brande,Vasey,bvaseyc1@nbcnews.com,737,2009-01-03
435,Nick,Fetherston,nfetherstonc2@de.vu,212,1986-05-09
436,Peadar,Gooms,pgoomsc3@quantcast.com,747,1988-07-24
437,Tyrone,Schelle,tschellec4@livejournal.com,573,1986-10-23
438,Dewain,Bortoli,dbortolic5@unblog.fr,255,2007-08-12
439,Odele,Kamien,okamienc6@illinois.edu,346,2009-01-20
440,Arnold,Trevers,atreversc7@domainmarket.com,577,1984-08-23
441,Talyah,Shard,tshardc8@cisco.com,112,1990-12-08
442,Nadya,Pattison,npattisonc9@yandex.ru,836,1987-10-29
443,Cedric,Dominicacci,cdominicaccica@creativecommons.org,350,1993-02-20
444,Roosevelt,McAuslan,rmcauslancb@illinois.edu,122,1987-01-16
445,Frederick,Skyme,fskymecc@liveinternet.ru,372,1989-05-09
446,Alair,Dutt,aduttcd@mapquest.com,809,1973-11-05
447,Jada,Pembery,jpemberyce@prnewswire.com,719,1995-09-05
448,Andres,Rubinowitch,arubinowitchcf@studiopress.com,332,1975-05-06
449,Araldo,Nayer,anayercg@foxnews.com,602,1988-02-19
450,Haskel,Kohter,hkohterch@canalblog.com,918,1998-10-12
451,Kakalina,Kidd,kkiddci@ovh.net,565,1982-01-15
452,Ely,Hawthorne,ehawthornecj@umn.edu,34,2007-02-11
453,Zacharie,Nottle,znottleck@drupal.org,82,1990-02-19
454,Branden,Sterman,bstermancl@usatoday.com,211,1979-12-30
455,Erica,Werrit,ewerritcm@biglobe.ne.jp,368,2008-02-06
456,Tonya,Snoddin,tsnoddincn@edublogs.org,668,2009-01-04
457,Fredrick,Oblein,fobleinco@about.com,158,1992-12-29
458,Giuditta,Wall,gwallcp@twitpic.com,874,1999-09-21
459,Stanton,Harlick,sharlickcq@php.net,674,2001-01-13
460,Florida,Wrightam,fwrightamcr@prnewswire.com,294,1975-04-24
461,Pier,Coult,pcoultcs@unicef.org,423,1987-11-04
462,Gloriane,MacKissack,gmackissackct@soundcloud.com,963,1986-06-29
463,Kandace,Denyer,kdenyercu@nymag.com,579,1977-10-28
464,Nanete,Cookney,ncookneycv@intel.com,513,1983-08-16
465,Celle,Windus,cwinduscw@vimeo.com,891,1983-01-07
466,Keven,Botton,kbottoncx@zimbio.com,737,2003-09-24
467,Bradley,Eloy,beloycy@adobe.com,922,1986-06-29
468,Margie,Ewbanke,mewbankecz@ted.com,421,1991-07-06
469,Bridget,Glanfield,bglanfieldd0@twitter.com,942,1982-09-29
470,Wade,Claydon,wclaydond1@google.com.au,41,1991-06-27
471,Johny,Shrieves,jshrievesd2@arizona.edu,623,1992-02-03
472,Caresse,Flowerdew,cflowerdewd3@prweb.com,123,2009-06-01
473,Irv,Lindley,ilindleyd4@nsw.gov.au,278,1970-03-17
474,Felita,McRoberts,fmcrobertsd5@pen.io,423,1991-05-03
475,Codie,Dutson,cdutsond6@weebly.com,35,2004-11-27
476,Bevvy,Ducker,bduckerd7@about.me,21,1971-04-11
477,Hollie,Gyorgy,hgyorgyd8@weather.com,950,1977-11-04
478,Berta,Dugue,bdugued9@businessinsider.com,82,2005-02-03
479,Kliment,Germann,kgermannda@geocities.jp,317,2003-07-01
480,Bank,Gelletly,bgelletlydb@who.int,217,1991-01-06
481,Devy,Clink,dclinkdc@buzzfeed.com,38,2008-04-15
482,Karlee,Partner,kpartnerdd@washington.edu,21,1993-08-30
483,Cyrus,Broxholme,cbroxholmede@google.com.br,60,1992-10-13
484,Shari,Glentworth,sglentworthdf@bloomberg.com,878,1999-05-06
485,Dre,Sposito,dspositodg@netscape.com,855,1973-09-07
486,Teddi,Corrin,tcorrindh@bloomberg.com,80,1984-05-03
487,Pavlov,Somerscales,psomerscalesdi@facebook.com,994,1995-12-03
488,Kendal,Walesby,kwalesbydj@gizmodo.com,564,1995-03-20
489,Barbra,Sendley,bsendleydk@home.pl,833,2001-07-07
490,Christoforo,Baraclough,cbaracloughdl@cdc.gov,833,1978-12-24
491,Bengt,Baumford,bbaumforddm@blogs.com,313,1990-11-29
492,Kilian,Downham,kdownhamdn@ted.com,289,1988-12-04
493,Jania,Thorsby,jthorsbydo@yellowpages.com,605,2002-04-17
494,Brigitta,Brandes,bbrandesdp@zdnet.com,166,2006-03-17
495,Holmes,Flook,hflookdq@google.es,675,1984-10-29
496,Ervin,Backshell,ebackshelldr@ow.ly,370,1990-12-20
497,Quincy,Isworth,qisworthds@reuters.com,734,1997-10-24
498,Devan,Caughan,dcaughandt@cnet.com,167,1986-11-30
499,Becky,Feuell,bfeuelldu@issuu.com,419,1987-01-29
500,Skip,Liffe,sliffedv@craigslist.org,517,2000-04-04
501,Fairfax,Gosland,fgoslanddw@plala.or.jp,970,2002-07-10
502,Loralee,Steinson,lsteinsondx@networksolutions.com,31,1998-09-30
503,Carlyle,Deeson,cdeesondy@washingtonpost.com,776,1992-05-16
504,Lyndy,Bener,lbenerdz@google.pl,844,1999-08-12
505,Dulcia,Burgan,dburgane0@fda.gov,191,1979-11-27
506,Tillie,Casham,tcashame1@dedecms.com,669,2009-06-26
507,Lorilyn,Stairs,lstairse2@ycombinator.com,101,2006-02-04
508,Haze,Jeffcoate,hjeffcoatee3@ehow.com,492,2007-10-27
509,Meghann,Giblin,mgibline4@tiny.cc,852,1974-11-04
510,Sandy,Georgelin,sgeorgeline5@europa.eu,743,1975-10-05
511,Mehetabel,Gantzman,mgantzmane6@utexas.edu,916,1986-05-20
512,Goddart,Marchi,gmarchie7@goo.ne.jp,232,2002-08-08
513,Katharine,Mithun,kmithune8@i2i.jp,210,1991-01-24
514,Alphonso,Sandall,asandalle9@people.com.cn,365,1972-02-20
515,Cash,Chidler,cchidlerea@soundcloud.com,446,2004-11-17
516,Basia,Ivanchenkov,bivanchenkoveb@nbcnews.com,839,1979-08-27
517,Mariska,McNirlin,mmcnirlinec@illinois.edu,923,2001-03-07
518,Angelo,Face,afaceed@army.mil,847,1970-04-29
519,Tadd,Vasilmanov,tvasilmanovee@samsung.com,20,1974-03-15
520,Erena,Eshelby,eeshelbyef@rediff.com,748,2008-07-09
521,Gretta,Ivakin,givakineg@mapy.cz,37,2003-07-01
522,Bogart,Pigden,bpigdeneh@oakley.com,924,1999-02-01
523,Cornell,Arling,carlingei@xrea.com,904,1971-11-01
524,Halley,Hinkens,hhinkensej@domainmarket.com,372,1979-05-25
525,Nerte,Brassington,nbrassingtonek@google.com.hk,255,1979-04-06
526,Claude,Dunkley,cdunkleyel@addtoany.com,770,1984-07-20
527,Cristabel,Lindberg,clindbergem@networksolutions.com,94,1981-10-13
528,Gustav,Cecely,gcecelyen@rambler.ru,638,1977-01-31
529,Dacy,Frayling,dfraylingeo@live.com,670,1995-08-08
530,Denney,Jackett,djackettep@so-net.ne.jp,15,1987-11-10
531,Anabal,Fallow,afalloweq@yellowbook.com,806,1981-01-13
532,Anallise,Lacrouts,alacroutser@gizmodo.com,849,1999-11-06
533,Sanderson,Winterton,swintertones@tiny.cc,774,1985-06-04
534,Rafe,Downs,rdownset@friendfeed.com,460,1975-10-28
535,Loy,Harold,lharoldeu@wsj.com,745,1979-11-03
536,Garald,Docharty,gdochartyev@jugem.jp,840,1979-04-16
537,Allyn,Worden,awordenew@gravatar.com,465,1977-08-20
538,Leonore,Tregust,ltregustex@tumblr.com,927,1996-03-09
539,Monroe,Lardez,mlardezey@mozilla.com,679,1970-09-13
540,Allys,Tayt,ataytez@gmpg.org,611,1970-08-18
541,Christopher,Wye,cwyef0@google.com,456,2006-06-26
542,Koressa,Wicks,kwicksf1@nih.gov,345,1995-10-25
543,Roseline,Stout,rstoutf2@cam.ac.uk,74,1992-08-10
544,Neely,Fintoph,nfintophf3@desdev.cn,455,1974-11-27
545,Evelyn,Seeney,eseeneyf4@deliciousdays.com,908,1979-03-01
546,Gustie,Cornick,gcornickf5@vk.com,199,1970-10-19
547,Joscelin,Peegrem,jpeegremf6@berkeley.edu,878,2007-10-16
548,Catie,Sonley,csonleyf7@fc2.com,245,1970-07-19
549,Stephan,Andreaccio,sandreacciof8@free.fr,119,2003-09-15
550,Gilli,Offer,gofferf9@instagram.com,190,1980-10-04
551,Maudie,Challen,mchallenfa@ezinearticles.com,239,1997-01-02
552,Allys,Ninnis,aninnisfb@cdc.gov,882,2002-11-23
553,Edeline,Maroney,emaroneyfc@home.pl,30,1983-12-08
554,Thadeus,Smeall,tsmeallfd@ezinearticles.com,457,1978-04-06
555,Leora,Tribell,ltribellfe@xinhuanet.com,321,2005-11-06
556,Gilbertine,Dobing,gdobingff@columbia.edu,847,1983-07-16
557,Vail,Girth,vgirthfg@hatena.ne.jp,909,1982-01-11
558,Matilde,Bugden,mbugdenfh@symantec.com,378,1992-10-09
559,Theda,Grendon,tgrendonfi@weebly.com,598,1991-11-04
560,Katerina,Dello,kdellofj@4shared.com,532,1991-02-22
561,Benyamin,Ive,bivefk@tumblr.com,973,1972-08-04
562,Ilsa,Guerri,iguerrifl@surveymonkey.com,864,1996-01-23
563,Laughton,Collingridge,lcollingridgefm@amazon.com,934,1990-05-18
564,Blayne,Rainford,brainfordfn@addtoany.com,937,1971-11-09
565,Marys,Pickle,mpicklefo@answers.com,878,1986-12-24
566,Tasha,Lapham,tlaphamfp@zdnet.com,373,2009-05-25
567,Cathyleen,Kruszelnicki,ckruszelnickifq@hubpages.com,897,1987-03-20
568,Cherey,Marples,cmarplesfr@theguardian.com,371,1972-04-15
569,Gavra,Satyford,gsatyfordfs@mlb.com,525,1978-08-21
570,Dottie,Scading,dscadingft@wunderground.com,754,1996-02-19
571,Becki,Hucknall,bhucknallfu@gmpg.org,895,1977-08-14
572,Rafaela,Selkirk,rselkirkfv@youtu.be,957,1977-01-01
573,Giuseppe,Haysey,ghayseyfw@deliciousdays.com,598,1999-01-18
574,Parry,Elleton,pelletonfx@statcounter.com,485,1978-07-15
575,Lexine,Scarf,lscarffy@disqus.com,77,2007-02-03
576,Joya,Dreossi,jdreossifz@360.cn,562,1992-07-08
577,Sheelah,Pearcey,spearceyg0@bravesites.com,488,1983-05-27
578,Luciano,Labeuil,llabeuilg1@npr.org,472,2002-08-30
579,Sayre,Fewings,sfewingsg2@geocities.com,876,1977-03-26
580,Terra,Waghorne,twaghorneg3@phpbb.com,198,1981-11-07
581,Irina,Sheed,isheedg4@amazon.co.uk,210,1982-10-13
582,Sterling,Riddington,sriddingtong5@sogou.com,614,1976-06-20
583,Lorenzo,Duley,lduleyg6@sourceforge.net,81,2005-07-14
584,Tybalt,Diamant,tdiamantg7@berkeley.edu,293,2003-11-07
585,Jobey,Hugonneau,jhugonneaug8@flavors.me,431,1986-11-13
586,Courtenay,Banck,cbanckg9@ycombinator.com,419,1976-03-12
587,Alvis,Parker,aparkerga@weather.com,923,1998-06-18
588,Tedie,Glasper,tglaspergb@a8.net,648,1975-05-25
589,Caresa,Osborne,cosbornegc@trellian.com,874,1993-08-14
590,Rosemaria,Picard,rpicardgd@prnewswire.com,582,1990-12-12
591,Cornela,Bickerdike,cbickerdikege@fotki.com,48,1999-06-11
592,Brana,Dot,bdotgf@surveymonkey.com,76,1974-02-14
593,Tedie,Stopper,tstoppergg@sourceforge.net,125,2002-08-22
594,Gabriell,Dugan,gdugangh@foxnews.com,616,2003-05-10
595,Erika,Biagioni,ebiagionigi@yolasite.com,733,1980-12-03
596,Jerrylee,Sinkinson,jsinkinsongj@instagram.com,805,2007-09-30
597,Emlynne,Hainge,ehaingegk@fastcompany.com,614,1977-07-13
598,Baudoin,Boorn,bboorngl@alexa.com,855,1996-06-01
599,Tara,Corneille,tcorneillegm@acquirethisname.com,958,1991-11-20
600,Cally,Bodker,cbodkergn@amazon.de,981,1979-05-07
601,Alfred,Lumox,alumoxgo@cornell.edu,447,1980-07-16
602,Hobey,Georgescu,hgeorgescugp@theguardian.com,534,2000-02-21
603,Jena,Judron,jjudrongq@columbia.edu,449,1982-06-23
604,Erroll,Kender,ekendergr@google.fr,999,2005-11-14
605,Juli,Langthorne,jlangthornegs@ow.ly,489,1971-12-03
606,Nikaniki,Moret,nmoretgt@weather.com,13,2009-12-28
607,Lilla,Cantu,lcantugu@amazon.com,247,1979-04-24
608,Chilton,Cunnah,ccunnahgv@tamu.edu,872,1972-12-08
609,Giselle,Haisell,ghaisellgw@buzzfeed.com,819,1977-05-30
610,Kipper,Rickasse,krickassegx@yandex.ru,283,1995-06-30
611,Lettie,Clutton,lcluttongy@privacy.gov.au,845,1985-05-05
612,Aliza,Campa,acampagz@histats.com,707,1993-11-28
613,Aylmar,Perigoe,aperigoeh0@blogs.com,85,1982-12-25
614,Rania,Chilley,rchilleyh1@yandex.ru,842,1996-04-27
615,Hurleigh,Dingley,hdingleyh2@bloglovin.com,1,2009-10-14
616,Sunny,MacDowall,smacdowallh3@gov.uk,941,2000-05-18
617,Myer,Sewart,msewarth4@intel.com,776,1973-04-10
618,Travis,Meates,tmeatesh5@is.gd,464,1982-03-07
619,Nadya,Castella,ncastellah6@joomla.org,439,1993-01-31
620,Dani,Ivshin,divshinh7@example.com,298,1979-10-09
621,Tessy,Grosvenor,tgrosvenorh8@dyndns.org,615,1981-01-13
622,Briggs,Karolyi,bkarolyih9@tiny.cc,885,2001-10-12
623,Lynda,Cartmell,lcartmellha@discuz.net,865,1974-11-15
624,Arlina,Farry,afarryhb@godaddy.com,671,1979-02-21
625,Kaila,Coie,kcoiehc@msu.edu,512,1994-11-24
626,Husain,Carrington,hcarringtonhd@1688.com,141,1986-10-31
627,Jorrie,Runnicles,jrunnicleshe@dmoz.org,434,1998-09-13
628,Leonore,Taylot,ltaylothf@furl.net,332,1992-10-02
629,Annis,Dykes,adykeshg@chronoengine.com,581,1999-05-14
630,Gauthier,Gisborne,ggisbornehh@rakuten.co.jp,796,2004-03-04
631,Lonnie,Ogden,logdenhi@wikipedia.org,560,1981-04-16
632,Elinore,Fullilove,efullilovehj@nba.com,769,1976-07-29
633,Deborah,Curds,dcurdshk@tumblr.com,181,1976-10-04
634,Helaine,Kelwaybamber,hkelwaybamberhl@yellowbook.com,768,1978-07-08
635,Gretel,Clemerson,gclemersonhm@ibm.com,947,2005-04-26
636,Baird,Wildbore,bwildborehn@ed.gov,885,1996-11-24
637,Ahmed,Gussie,agussieho@chronoengine.com,553,2001-02-21
638,Eirena,Elix,eelixhp@godaddy.com,766,1994-03-02
639,Dolores,Hurles,dhurleshq@163.com,33,1995-11-23
640,Conchita,Northidge,cnorthidgehr@about.com,735,1980-07-26
641,Ester,Meiner,emeinerhs@google.de,231,2008-08-14
642,Harlie,Albiston,halbistonht@yolasite.com,729,1987-05-03
643,Mariquilla,Tattershall,mtattershallhu@angelfire.com,929,1999-12-23
644,Terrance,Attenbrough,tattenbroughhv@squidoo.com,266,2007-01-17
645,Rudd,Espin,respinhw@geocities.com,206,1973-05-18
646,Wanda,Andreone,wandreonehx@paginegialle.it,1,2001-06-01
647,Flss,Shires,fshireshy@clickbank.net,416,2006-06-03
648,Nadean,Howard,nhowardhz@abc.net.au,928,1970-08-13
649,Cam,Igonet,cigoneti0@dmoz.org,703,2005-05-28
650,Susanetta,Barth,sbarthi1@flavors.me,509,1983-11-16
651,Kerk,Grevel,kgreveli2@bbc.co.uk,716,1999-11-28
652,Roda,Somerton,rsomertoni3@census.gov,220,2005-03-31
653,Kora,Neil,kneili4@flickr.com,662,1983-09-25
654,Tuckie,Ditt,tditti5@uiuc.edu,860,2004-02-29
655,Flore,Palmer,fpalmeri6@bing.com,2,1986-02-25
656,Minna,Brizland,mbrizlandi7@google.ru,540,1977-12-08
657,Toiboid,Cutbush,tcutbushi8@cnbc.com,523,1981-01-29
658,Raeann,Longstaffe,rlongstaffei9@yolasite.com,493,1970-06-18
659,Salaidh,Ridding,sriddingia@123-reg.co.uk,581,1988-02-22
660,Iolande,Gorey,igoreyib@buzzfeed.com,902,1978-08-20
661,Clareta,Langabeer,clangabeeric@de.vu,82,2001-01-20
662,Crystal,Crasford,ccrasfordid@webnode.com,102,1984-08-19
663,Melly,Heino,mheinoie@cdc.gov,732,1979-06-18
664,Winfred,Frapwell,wfrapwellif@irs.gov,257,2003-06-08
665,Lyssa,McTiernan,lmctiernanig@kickstarter.com,927,1987-07-04
666,Ginnie,Brockest,gbrockestih@weibo.com,942,1988-03-24
667,Orelia,Redwin,oredwinii@bluehost.com,769,1989-11-21
668,Maressa,Gettings,mgettingsij@prnewswire.com,413,1988-03-03
669,Lotti,Spinola,lspinolaik@yellowpages.com,530,1982-01-11
670,Eleonore,Hallgarth,ehallgarthil@spotify.com,399,2000-02-17
671,Edyth,Beesley,ebeesleyim@w3.org,562,1970-07-08
672,Amaleta,Purdie,apurdiein@myspace.com,913,1984-06-15
673,Case,Montel,cmontelio@timesonline.co.uk,76,1997-02-10
674,Claudio,Kollasch,ckollaschip@wikipedia.org,898,1999-02-25
675,Amelia,Kernermann,akernermanniq@plala.or.jp,196,2005-04-13
676,Angeline,Tithecote,atithecoteir@github.com,787,1970-04-09
677,Garik,Leckey,gleckeyis@hud.gov,272,1997-07-27
678,Lionello,Sille,lsilleit@t.co,851,1970-06-10
679,Ariel,FitzGilbert,afitzgilbertiu@de.vu,41,1977-04-07
680,Bobbye,Smellie,bsmellieiv@w3.org,22,2004-10-20
681,Corrie,Hellard,chellardiw@mysql.com,914,2002-07-04
682,Dniren,Mowsdell,dmowsdellix@youtu.be,756,1992-06-26
683,Antonino,Droogan,adrooganiy@bloomberg.com,694,2000-03-14
684,Kanya,Graine,kgraineiz@arstechnica.com,139,1982-02-08
685,Nita,Gommey,ngommeyj0@ifeng.com,805,2009-11-21
686,Cristal,Haye,chayej1@multiply.com,942,1997-05-23
687,Jemmie,Copcutt,jcopcuttj2@gizmodo.com,741,1991-01-24
688,Evvie,Tresler,etreslerj3@samsung.com,689,1998-11-09
689,Maurice,Splevin,msplevinj4@imageshack.us,59,2006-04-20
690,Lewiss,Hollier,lhollierj5@furl.net,106,1973-10-31
691,Alessandra,O'Halloran,aohalloranj6@independent.co.uk,798,2008-12-27
692,Wang,Orr,worrj7@nyu.edu,18,1992-03-19
693,Lottie,O'Sirin,losirinj8@sun.com,791,2001-01-26
694,Hetti,Savill,hsavillj9@blogspot.com,456,1979-08-12
695,Cody,Ingram,cingramja@parallels.com,286,1997-12-01
696,Nada,Guntrip,nguntripjb@barnesandnoble.com,901,2000-08-25
697,Phillipp,Shekle,psheklejc@stumbleupon.com,589,1970-10-14
698,Dannie,Shillitoe,dshillitoejd@loc.gov,603,1970-07-21
699,Lorry,Rikkard,lrikkardje@macromedia.com,412,2002-08-19
700,Gregor,Shepheard,gshepheardjf@walmart.com,465,1983-09-28
701,Lonnard,Marder,lmarderjg@google.com.au,634,2003-10-11
702,Tonya,MacKartan,tmackartanjh@oaic.gov.au,891,1991-06-17
703,Ettore,Dearth,edearthji@geocities.jp,9,2003-01-22
704,Cosetta,Vause,cvausejj@google.co.jp,616,1992-08-15
705,Page,MacCathay,pmaccathayjk@vk.com,736,2008-03-20
706,Elnore,Nassie,enassiejl@zdnet.com,983,1998-04-19
707,Micki,Arrol,marroljm@ed.gov,431,1994-07-19
708,Rosalia,Claybourn,rclaybournjn@virginia.edu,561,2000-11-24
709,Beverlee,Pharrow,bpharrowjo@ow.ly,186,2006-02-14
710,Lira,Gilding,lgildingjp@elpais.com,827,2005-05-26
711,Roshelle,O' Neligan,roneliganjq@salon.com,421,1993-09-16
712,Loella,Monument,lmonumentjr@answers.com,732,2009-04-11
713,Lisa,Gurnett,lgurnettjs@amazon.com,130,1995-03-13
714,Marcos,Goby,mgobyjt@chron.com,428,1991-05-06
715,Malina,Conford,mconfordju@prnewswire.com,799,1981-04-07
716,Derk,Leather,dleatherjv@europa.eu,312,1979-05-08
717,Lynea,Battison,lbattisonjw@livejournal.com,952,2003-10-17
718,Darby,Iveans,diveansjx@dell.com,172,2008-01-06
719,Gloria,Carling,gcarlingjy@slideshare.net,759,2009-07-08
720,Carlos,Hatz,chatzjz@tmall.com,672,2005-03-23
721,Tod,Sinyard,tsinyardk0@yandex.ru,328,1980-10-14
722,Arni,Gane,aganek1@surveymonkey.com,82,2005-03-18
723,Valaree,Bangle,vbanglek2@ucsd.edu,654,2005-09-27
724,Titos,Shoute,tshoutek3@nsw.gov.au,71,1976-05-14
725,Chastity,Igglesden,cigglesdenk4@reddit.com,379,2003-08-19
726,Paige,Rubbert,prubbertk5@friendfeed.com,890,1983-08-16
727,Morton,Kupker,mkupkerk6@marketwatch.com,759,1980-07-22
728,Gabriellia,Boick,gboickk7@seesaa.net,770,1972-11-18
729,Chester,Brickstock,cbrickstockk8@odnoklassniki.ru,474,1975-09-03
730,Thorvald,Kenton,tkentonk9@bloglines.com,76,1992-10-31
731,Mata,Gatherer,mgathererka@usnews.com,813,2001-07-31
732,Cecilio,Woodyatt,cwoodyattkb@bbb.org,994,1971-05-12
733,Michale,Janata,mjanatakc@illinois.edu,56,1972-07-12
734,Delores,Raitie,draitiekd@economist.com,378,1993-10-03
735,Poul,Perrot,pperrotke@pagesperso-orange.fr,545,1988-04-12
736,Julee,Hammatt,jhammattkf@google.com.au,998,1985-02-28
737,Cchaddie,Badcock,cbadcockkg@ucsd.edu,96,2009-02-26
738,Kristoffer,Kienlein,kkienleinkh@tumblr.com,516,1993-10-26
739,Nerissa,Hunting,nhuntingki@cnbc.com,707,1997-08-21
740,Rowney,Kirtlan,rkirtlankj@myspace.com,362,1984-09-25
741,Dun,Finneran,dfinnerankk@ebay.com,941,1974-10-03
742,Leupold,Paviour,lpaviourkl@scientificamerican.com,973,2002-03-24
743,Amara,Hasselby,ahasselbykm@a8.net,349,1987-04-13
744,Udale,Ganiford,uganifordkn@soundcloud.com,821,1991-06-29
745,Fina,Kener,fkenerko@wisc.edu,675,1993-10-16
746,Ashbey,Llorens,allorenskp@soup.io,147,1995-03-31
747,Herta,Hustler,hhustlerkq@noaa.gov,587,1988-01-08
748,Junie,Bilbrook,jbilbrookkr@hugedomains.com,785,1986-11-15
749,Hilde,Edess,hedessks@xrea.com,164,1974-01-28
750,Daffie,Slarke,dslarkekt@macromedia.com,727,2002-01-03
751,Jonis,De La Coste,jdelacosteku@mashable.com,194,1976-02-14
752,Alexis,Pinnegar,apinnegarkv@salon.com,128,1989-03-29
753,Ara,Keymar,akeymarkw@upenn.edu,887,2006-09-02
754,Shantee,Ronci,sroncikx@cbc.ca,1,1995-10-20
755,Terrell,Mantram,tmantramky@github.io,989,1990-12-06
756,Erastus,Mynett,emynettkz@cyberchimps.com,73,1990-10-15
757,Gabbi,Kneal,gkneall0@cafepress.com,406,1989-11-27
758,Gillian,Sandry,gsandryl1@bing.com,791,1978-09-22
759,Hatty,Olijve,holijvel2@paginegialle.it,868,1971-01-23
760,Carlyle,Dunton,cduntonl3@tinypic.com,403,1990-03-26
761,Chrissie,Pammenter,cpammenterl4@tripadvisor.com,374,2000-01-06
762,Derwin,Collelton,dcolleltonl5@narod.ru,980,1982-01-26
763,Geoffry,Mossdale,gmossdalel6@si.edu,920,1973-07-13
764,Paulie,MacFadden,pmacfaddenl7@foxnews.com,352,1993-08-27
765,Loretta,Abbott,labbottl8@instagram.com,596,1998-01-26
766,Lilah,Lafee,llafeel9@elegantthemes.com,202,1988-11-26
767,Olivia,Hatchman,ohatchmanla@blinklist.com,575,1992-10-03
768,Hadley,Comi,hcomilb@wordpress.com,868,1983-07-20
769,Kahaleel,Broschek,kbroscheklc@hubpages.com,561,1977-08-18
770,Dulcea,Danzig,ddanzigld@paginegialle.it,145,1970-05-07
771,Israel,Edson,iedsonle@vinaora.com,254,1990-03-29
772,Cahra,Trase,ctraself@chicagotribune.com,428,1982-05-19
773,Vale,Borlease,vborleaselg@weebly.com,359,1983-10-16
774,Dewitt,Stiggles,dstiggleslh@php.net,148,1992-10-31
775,Colman,Philcott,cphilcottli@ucoz.ru,804,1983-06-15
776,Ken,Harbisher,kharbisherlj@example.com,137,1987-05-18
777,Rab,MacCarlich,rmaccarlichlk@t-online.de,561,1993-05-10
778,Neel,Toke,ntokell@independent.co.uk,463,1979-01-29
779,Sallie,Ruecastle,sruecastlelm@netscape.com,482,2005-09-03
780,Moore,Vinnick,mvinnickln@berkeley.edu,511,1981-09-17
781,Irina,O'Fogerty,iofogertylo@flavors.me,311,1995-07-05
782,Honor,Sears,hsearslp@google.com.au,753,1973-02-26
783,Maryanne,Dacres,mdacreslq@geocities.com,990,2002-05-19
784,Bev,Bedborough,bbedboroughlr@ovh.net,393,1978-01-11
785,Dagmar,Pettisall,dpettisallls@state.tx.us,428,1984-09-26
786,Elisha,Pieter,epieterlt@soundcloud.com,710,1999-08-31
787,Graehme,Alldre,galldrelu@theguardian.com,859,2004-10-03
788,Vanna,Langtree,vlangtreelv@salon.com,417,1996-06-04
789,Jeanine,Stradling,jstradlinglw@noaa.gov,758,2001-12-06
790,Heidi,Garter,hgarterlx@woothemes.com,692,1997-09-06
791,Emmi,Zavattari,ezavattarily@infoseek.co.jp,267,1994-03-26
792,Jennie,Stapele,jstapelelz@wordpress.com,701,1988-10-16
793,Cori,Forre,cforrem0@163.com,436,2009-06-06
794,Sandra,Swine,sswinem1@blinklist.com,80,1976-06-19
795,Ardyth,O'Grady,aogradym2@eepurl.com,515,1972-01-28
796,Sally,Yetts,syettsm3@mysql.com,991,2001-10-18
797,Blisse,Ilsley,bilsleym4@unicef.org,843,1978-06-04
798,Sax,Babin,sbabinm5@facebook.com,286,2005-04-03
799,Bastien,Hatherley,bhatherleym6@ucsd.edu,766,1998-07-06
800,Joyous,Kemell,jkemellm7@example.com,371,2007-07-31
801,Peggi,Curton,pcurtonm8@berkeley.edu,842,1997-03-03
802,Val,Tetsall,vtetsallm9@sphinn.com,956,1987-02-13
803,Morgan,Terris,mterrisma@de.vu,479,1997-03-31
804,Carley,Harbron,charbronmb@freewebs.com,903,1995-11-23
805,Vally,Stook,vstookmc@shareasale.com,602,1980-01-01
806,Sergeant,Hickin,shickinmd@businessweek.com,423,1996-04-29
807,Jaquelin,Gard,jgardme@t-online.de,417,1998-07-08
808,Gretchen,MacAllan,gmacallanmf@arizona.edu,586,2007-12-09
809,Tirrell,Sandall,tsandallmg@tripadvisor.com,307,1985-07-31
810,Gayel,Priestner,gpriestnermh@rediff.com,499,1997-01-31
811,My,Acreman,macremanmi@vinaora.com,971,1997-12-02
812,Kin,Fitt,kfittmj@ucoz.ru,506,2007-12-24
813,Burch,Salvin,bsalvinmk@cbc.ca,949,1990-02-10
814,Othilie,Casillis,ocasillisml@foxnews.com,147,1974-07-30
815,Nappy,Vinick,nvinickmm@blogspot.com,29,2006-09-11
816,Bat,Bonnar,bbonnarmn@facebook.com,657,1979-01-26
817,Nita,Cuvley,ncuvleymo@google.nl,989,1983-01-13
818,Winna,Slaight,wslaightmp@washingtonpost.com,912,1984-06-18
819,Ailyn,Kleine,akleinemq@alexa.com,917,1987-01-01
820,Farly,Huc,fhucmr@barnesandnoble.com,370,2001-12-26
821,Alvy,Kinningley,akinningleyms@time.com,769,1982-06-09
822,Oby,Dumelow,odumelowmt@oracle.com,641,1983-02-12
823,Merissa,Dallender,mdallendermu@ox.ac.uk,965,1983-06-05
824,Merry,Fittall,mfittallmv@dailymail.co.uk,711,1979-06-18
825,Arnie,Garron,agarronmw@cbc.ca,175,1997-07-26
826,Delores,Cavil,dcavilmx@twitpic.com,329,1985-09-03
827,Linea,Seawright,lseawrightmy@latimes.com,873,1979-08-23
828,Kippy,Joney,kjoneymz@google.co.uk,678,2005-03-24
829,Keith,Littlechild,klittlechildn0@noaa.gov,670,1979-05-07
830,Kingsley,Kincaid,kkincaidn1@ifeng.com,790,1979-01-29
831,Thia,Nannetti,tnannettin2@columbia.edu,514,2008-08-30
832,Alisha,Smolan,asmolann3@nbcnews.com,889,1996-05-13
833,Lynea,Malt,lmaltn4@google.nl,610,2004-06-03
834,Charis,Challin,cchallinn5@dyndns.org,259,1987-06-18
835,Hyacintha,Dowsing,hdowsingn6@e-recht24.de,894,1993-10-10
836,Nataniel,Boyce,nboycen7@ycombinator.com,638,1995-06-20
837,Joly,Jakuszewski,jjakuszewskin8@va.gov,276,1980-09-10
838,Mildrid,Gillingham,mgillinghamn9@surveymonkey.com,534,2008-08-31
839,Freddy,Ciobotaru,fciobotaruna@npr.org,386,1989-01-06
840,Wernher,Roja,wrojanb@ifeng.com,708,1979-08-01
841,Nertie,McKeachie,nmckeachienc@devhub.com,98,1989-05-29
842,Arvie,Brister,abristernd@google.com.hk,772,1981-09-12
843,Ray,Harner,rharnerne@acquirethisname.com,545,2007-07-25
844,Betsy,Bartolomeu,bbartolomeunf@latimes.com,912,1986-09-01
845,Minni,Litzmann,mlitzmannng@friendfeed.com,571,1975-05-02
846,Ddene,Naish,dnaishnh@nationalgeographic.com,104,1982-02-28
847,Magdaia,Merrett,mmerrettni@reddit.com,953,1985-07-16
848,Shelia,Tadgell,stadgellnj@canalblog.com,211,1980-02-09
849,Richart,Bouskill,rbouskillnk@scientificamerican.com,790,1985-09-22
850,Cornela,Braffington,cbraffingtonnl@springer.com,821,1996-06-19
851,Elden,Witherow,ewitherownm@irs.gov,341,2003-04-03
852,Darcey,Fine,dfinenn@homestead.com,109,1990-04-27
853,Dennie,Storror,dstorrorno@over-blog.com,201,1970-12-20
854,Bendite,Salerg,bsalergnp@reddit.com,20,1972-07-10
855,Gerrilee,Eliff,geliffnq@cbc.ca,738,2009-12-03
856,Trixi,Backshill,tbackshillnr@freewebs.com,37,1970-12-27
857,Selena,Julyan,sjulyanns@google.it,686,1998-02-12
858,Valentine,Heam,vheamnt@hatena.ne.jp,616,2008-05-15
859,Beth,Klaessen,bklaessennu@hc360.com,440,1971-12-30
860,Kirbie,Keatch,kkeatchnv@google.es,881,1982-10-14
861,Nita,Daw,ndawnw@alexa.com,743,1992-04-22
862,Eadie,Axton,eaxtonnx@ihg.com,130,1976-06-18
863,Natale,Burgett,nburgettny@berkeley.edu,881,1978-05-19
864,Carolyn,Billin,cbillinnz@wordpress.com,737,2003-06-18
865,Chucho,Hempshall,chempshallo0@icq.com,143,1986-03-27
866,Kit,Van Oort,kvanoorto1@dot.gov,156,1984-06-21
867,Blithe,Huffadine,bhuffadineo2@bigcartel.com,660,1980-08-11
868,Milty,Maultby,mmaultbyo3@rambler.ru,885,2006-05-31
869,Deb,Hame,dhameo4@dion.ne.jp,385,2008-04-28
870,Putnam,Lewcock,plewcocko5@goodreads.com,169,1976-01-26
871,Garfield,Aitchinson,gaitchinsono6@ning.com,35,2006-09-15
872,Vincenty,Chattaway,vchattawayo7@msn.com,432,2005-12-12
873,Julia,Grantham,jgranthamo8@gizmodo.com,612,1982-04-30
874,Kimbell,Scotting,kscottingo9@usgs.gov,268,2008-08-22
875,Bobbette,Flintoft,bflintoftoa@blogs.com,490,2007-02-15
876,Merlina,Healing,mhealingob@barnesandnoble.com,314,2004-06-02
877,Gabrielle,Davitashvili,gdavitashvilioc@is.gd,663,2007-07-21
878,Larry,Westerman,lwestermanod@drupal.org,33,1970-09-17
879,Paulita,Botte,pbotteoe@dot.gov,772,2008-07-14
880,Laney,Hortop,lhortopof@com.com,601,2002-11-27
881,Randene,Kunes,rkunesog@creativecommons.org,656,1995-03-30
882,Brandie,Holdey,bholdeyoh@fotki.com,716,1973-01-01
883,Luella,Burchett,lburchettoi@sbwire.com,457,1981-06-17
884,Wilow,Basini-Gazzi,wbasinigazzioj@uol.com.br,744,1988-05-07
885,Willetta,Strephan,wstrephanok@goo.ne.jp,129,1973-06-17
886,Pernell,Hilldrup,philldrupol@cisco.com,287,1987-02-14
887,Ede,Gillies,egilliesom@accuweather.com,378,1991-11-19
888,Manon,Dartnell,mdartnellon@skyrock.com,34,1984-10-15
889,Conant,Fewkes,cfewkesoo@un.org,523,2002-02-04
890,Gabe,Fripp,gfrippop@chron.com,624,1977-07-06
891,Moyna,Bryett,mbryettoq@theguardian.com,29,1981-07-13
892,Anitra,Guinness,aguinnessor@fotki.com,284,1977-06-27
893,Nelle,Espinheira,nespinheiraos@guardian.co.uk,550,2004-04-24
894,Cash,Lawday,clawdayot@nature.com,151,1975-01-09
895,Maxi,Stitson,mstitsonou@ted.com,724,1996-01-22
896,Shelden,Le Moucheux,slemoucheuxov@abc.net.au,675,1976-02-27
897,Shaughn,Vern,svernow@wisc.edu,196,1993-04-25
898,Elias,Riggott,eriggottox@chronoengine.com,225,1988-08-08
899,Hermon,Hightown,hhightownoy@aboutads.info,158,2000-08-09
900,Whit,Hun,whunoz@whitehouse.gov,982,1983-09-30
901,Sibyl,Antonucci,santonuccip0@google.nl,508,1987-07-30
902,Katuscha,Quixley,kquixleyp1@ning.com,973,1992-08-21
903,Lorin,Venes,lvenesp2@mlb.com,200,1975-08-15
904,Erika,O'Clery,eocleryp3@mail.ru,57,1974-11-11
905,Stormie,McKeefry,smckeefryp4@exblog.jp,885,1990-03-27
906,Carmelle,Rosthorn,crosthornp5@opera.com,904,1977-05-27
907,Gusta,Yedy,gyedyp6@berkeley.edu,582,1972-01-03
908,Carl,Murford,cmurfordp7@printfriendly.com,639,1999-11-08
909,Griffith,Shelmerdine,gshelmerdinep8@census.gov,715,2005-02-12
910,Charmane,Jentgens,cjentgensp9@whitehouse.gov,727,1991-05-07
911,Izabel,Edwinson,iedwinsonpa@yellowbook.com,424,1988-05-05
912,Farris,Courtes,fcourtespb@w3.org,143,1984-11-18
913,Ingar,Isenor,iisenorpc@theatlantic.com,491,1978-11-30
914,Cariotta,Thiem,cthiempd@nydailynews.com,419,1988-04-30
915,Correy,Kaines,ckainespe@huffingtonpost.com,870,2003-01-20
916,Dirk,Penn,dpennpf@ustream.tv,210,1980-03-06
917,Kaia,Magauran,kmagauranpg@guardian.co.uk,575,1974-01-26
918,Becka,Hartfield,bhartfieldph@nifty.com,376,1998-11-24
919,Kaycee,Lansdale,klansdalepi@weather.com,976,1995-04-03
920,Vikki,Mayfield,vmayfieldpj@ed.gov,721,1981-01-04
921,Delly,Caudray,dcaudraypk@rediff.com,89,2008-01-15
922,Gaby,Rapsey,grapseypl@jiathis.com,653,1973-07-10
923,Mavra,Marquis,mmarquispm@kickstarter.com,838,1973-07-28
924,Pavlov,Lovewell,plovewellpn@sakura.ne.jp,660,2001-06-22
925,Duffy,O'Moylane,domoylanepo@illinois.edu,610,1981-02-28
926,Shep,Shackleton,sshackletonpp@booking.com,388,1975-06-17
927,Vinita,MacNess,vmacnesspq@technorati.com,745,1996-06-27
928,Melli,Novello,mnovellopr@ihg.com,759,1977-03-05
929,Zelig,Flamank,zflamankps@g.co,333,2008-07-28
930,Ellyn,Moneypenny,emoneypennypt@rediff.com,334,1989-01-26
931,Britta,Mowling,bmowlingpu@kickstarter.com,70,1981-01-04
932,Gertrudis,Jeeks,gjeekspv@icio.us,636,1983-08-27
933,Druci,Graben,dgrabenpw@yale.edu,3,1995-12-06
934,Bari,Gerauld,bgerauldpx@naver.com,608,2007-02-09
935,Maxy,Sheather,msheatherpy@issuu.com,404,2007-11-21
936,Ty,Woller,twollerpz@a8.net,227,1992-05-15
937,Ivar,Perrone,iperroneq0@cafepress.com,157,1970-10-01
938,Karol,Vyse,kvyseq1@google.com,328,1981-11-17
939,Matt,Carding,mcardingq2@cbslocal.com,954,1974-02-06
940,Nevins,Meek,nmeekq3@bravesites.com,145,1989-08-12
941,Tod,Legen,tlegenq4@amazon.de,878,1992-11-15
942,Drona,Coleson,dcolesonq5@digg.com,156,1991-08-28
943,Baxy,Canacott,bcanacottq6@mac.com,14,2008-06-15
944,Uta,Van Giffen,uvangiffenq7@scientificamerican.com,250,1975-04-23
945,Gianina,Rimbault,grimbaultq8@google.de,58,1984-07-31
946,Joella,Bosward,jboswardq9@illinois.edu,782,1976-11-23
947,Micky,Himsworth,mhimsworthqa@bloomberg.com,514,1987-12-07
948,Rosie,Abade,rabadeqb@themeforest.net,181,1987-02-25
949,Gillie,Battlestone,gbattlestoneqc@auda.org.au,93,2003-12-13
950,Maison,Owenson,mowensonqd@hhs.gov,530,1998-01-31
951,Angie,MacCrachen,amaccrachenqe@reference.com,233,1993-03-31
952,Stanley,Lamminam,slamminamqf@blogger.com,669,1983-02-07
953,Kermit,Juschke,kjuschkeqg@shutterfly.com,588,2002-07-18
954,Sue,Jenk,sjenkqh@usda.gov,66,1970-05-10
955,Jeramey,Dodimead,jdodimeadqi@tamu.edu,107,1972-08-17
956,Cecile,Folley,cfolleyqj@geocities.jp,763,2007-02-04
957,Dalila,Vanderson,dvandersonqk@hp.com,474,1981-06-16
958,Jerrie,Clarage,jclarageql@typepad.com,428,2002-11-10
959,Anatola,Chesshire,achesshireqm@ucoz.com,630,1994-11-28
960,Tami,Hakonsen,thakonsenqn@amazon.com,817,1986-04-04
961,Palm,Andreoletti,pandreolettiqo@intel.com,861,2002-08-24
962,Felipa,Lyes,flyesqp@nationalgeographic.com,577,1974-10-23
963,Catharine,Blatherwick,cblatherwickqq@opera.com,795,1971-10-12
964,Carlota,Dobbs,cdobbsqr@wikimedia.org,837,1985-07-26
965,Lesli,Dales,ldalesqs@xrea.com,98,2009-10-26
966,Arty,Heaselgrave,aheaselgraveqt@oaic.gov.au,677,2009-11-11
967,Simona,Checcuzzi,scheccuzziqu@msu.edu,755,1973-03-21
968,Bethina,Strute,bstruteqv@army.mil,752,1981-04-06
969,Elane,Caspell,ecaspellqw@indiatimes.com,213,2000-11-10
970,Whitby,Ferrara,wferraraqx@bloomberg.com,162,2008-02-28
971,Kenyon,Brierley,kbrierleyqy@i2i.jp,721,2003-11-24
972,Johannes,Noah,jnoahqz@angelfire.com,924,1984-06-30
973,Waldemar,Orgee,worgeer0@google.cn,765,1992-12-20
974,Brita,Rablin,brablinr1@altervista.org,260,1998-09-16
975,Brewer,Plewes,bplewesr2@yahoo.com,72,1972-10-12
976,Jehu,Tharme,jtharmer3@vkontakte.ru,612,1992-05-09
977,Vinni,Turnpenny,vturnpennyr4@ucla.edu,152,1981-01-07
978,Harrison,Getcliffe,hgetcliffer5@twitpic.com,914,1995-10-06
979,Terrijo,Gladeche,tgladecher6@wikia.com,910,1991-08-24
980,Brandon,Epton,beptonr7@friendfeed.com,885,1977-05-20
981,Frank,Levet,flevetr8@arizona.edu,936,1982-01-02
982,Simeon,Phibb,sphibbr9@is.gd,487,2003-07-15
983,Barby,Profit,bprofitra@ft.com,1,1994-11-21
984,Katharyn,Skatcher,kskatcherrb@elpais.com,986,1988-07-05
985,Muriel,Brimmicombe,mbrimmicomberc@parallels.com,677,1977-04-26
986,Laurene,Hellwig,lhellwigrd@wordpress.com,976,1985-07-23
987,Mae,Startin,mstartinre@ezinearticles.com,450,1989-06-11
988,Dorelle,Chidlow,dchidlowrf@hao123.com,608,1974-07-08
989,Evvie,Woodward,ewoodwardrg@deliciousdays.com,778,2007-07-14
990,Gearalt,Henner,ghennerrh@independent.co.uk,841,1988-06-05
991,Henrieta,Sawdy,hsawdyri@friendfeed.com,79,1997-03-21
992,Ernesta,Etteridge,eetteridgerj@intel.com,354,1983-03-12
993,Amelita,Eslemont,aeslemontrk@ihg.com,57,1984-06-06
994,Frederick,Emmens,femmensrl@webmd.com,346,1995-07-04
995,Amberly,Urlin,aurlinrm@tamu.edu,941,2007-03-22
996,Kayley,Nutbeam,knutbeamrn@xing.com,214,1990-06-25
997,Rhys,Tilly,rtillyro@ifeng.com,4,1997-11-05
998,Tiphani,Maystone,tmaystonerp@wisc.edu,982,1971-04-20
999,Dwain,Boyde,dboyderq@newsvine.com,159,1991-10-18
1000,Godart,Cranfield,gcranfieldrr@youtu.be,270,1974-05-30
